loss,val_loss
1438.8127213222842,1439.5448154441005
1438.8157346378848,1439.5110104201199
