loss,val_loss
211.89479644437267,210.97750756772615
210.72617087609012,211.6328880303072
210.72526106379493,211.45330656386156
210.7250818807108,210.94694559968238
