loss,val_loss
1428.043342202308,1439.7136027331387
1438.952515363582,1439.654788315878
