loss,val_loss
203.14369915935666,201.67841890803953
201.8148039729635,201.68338036528107
201.83472632722047,201.95721825297463
