loss,val_loss
216.1909947459723,210.9442853279486
210.59978326248103,210.9486037257094
210.59656672324707,210.96645882526434
