loss,val_loss
210.96880639697576,201.6784890408699
201.72023560683454,201.62366679914106
201.72458096318516,201.72838867029216
